{
    "长寿郊外": {
        "start_point": [
            [
                131,
                98
            ],
            204.5,
            172.0
        ],
        "dx": 1.6666666666666667,
        "dy": -1.6666666666666667
    },
    "女儿村": {
        "start_point": [
            [
                79,
                81
            ],
            187.5,
            214.0
        ],
        "dx": 2.5,
        "dy": -2.5
    },
    "大唐国境": {
        "start_point": [
            [
                202,
                204
            ],
            205.5,
            199.0
        ],
        "dx": 1.0869565217391304,
        "dy": -1.0869565217391304
    },
    "狮驼岭": {
        "start_point": [
            [
                79,
                60
            ],
            210.5,
            164.0
        ],
        "dx": 2.7777777777777777,
        "dy": -2.7777777777777777
    },
    "大唐官府": {
        "start_point": [
            [
                100,
                64
            ],
            256.5,
            164.0
        ],
        "dx": 2.6315789473684212,
        "dy": -2.6315789473684212
    },
    "龙宫": {
        "start_point": [
            [
                134,
                79
            ],
            307.5,
            145.0
        ],
        "dx": 2.380952380952381,
        "dy": -2.380952380952381
    },
    "天宫": {
        "start_point": [
            [
                143,
                109
            ],
            227.5,
            155.0
        ],
        "dx": 1.6129032258064515,
        "dy": -1.6129032258064515
    },
    "地府": {
        "start_point": [
            [
                96,
                70
            ],
            210.5,
            171.0
        ],
        "dx": 2.272727272727273,
        "dy": -2.272727272727273
    },
    "五庄观": {
        "start_point": [
            [
                54,
                43
            ],
            190.5,
            174.0
        ],
        "dx": 3.5714285714285716,
        "dy": -3.5714285714285716
    },
    "化生寺": {
        "start_point": [
            [
                83,
                52
            ],
            228.5,
            182.0
        ],
        "dx": 2.6315789473684212,
        "dy": -2.6315789473684212
    },
    "朱紫国": {
        "start_point": [
            [
                119,
                76
            ],
            261.5,
            159.0
        ],
        "dx": 2.272727272727273,
        "dy": -2.272727272727273,
        "flag": {
            "screen": [
                516,
                388
            ],
            "game": [
                98,
                58
            ]
        }
    },
    "花果山": {
        "start_point": [
            [
                96,
                74
            ],
            211.5,
            163.0
        ],
        "dx": 2.272727272727273,
        "dy": -2.380952380952381
    },
    "普陀山": {
        "start_point": [
            [
                60,
                43
            ],
            221.5,
            168.0
        ],
        "dx": 3.8461538461538463,
        "dy": -3.8461538461538463
    },
    "宝象国": {
        "start_point": [
            [
                112,
                78
            ],
            297.5,
            173.0
        ],
        "dx": 2.7777777777777777,
        "dy": -2.7777777777777777
    },
    "东海湾": {
        "start_point": [
            [
                69,
                63
            ],
            148.5,
            187.0
        ],
        "dx": 2.272727272727273,
        "dy": -2.272727272727273
    },
    "墨家村": {
        "start_point": [
            [
                63,
                112
            ],
            117.5,
            171.0
        ],
        "dx": 2.0,
        "dy": -2.0
    },
    "长寿村": {
        "start_point": [
            [
                125,
                115
            ],
            197.5,
            215.0
        ],
        "dx": 1.6666666666666667,
        "dy": -1.6666666666666667,
        "flag": {
            "screen": [
                615,
                549
            ],
            "game": [
                143,
                5
            ]
        }
    },
    "北俱芦洲": {
        "start_point": [
            [
                149,
                109
            ],
            229.5,
            157.0
        ],
        "dx": 1.6666666666666667,
        "dy": -1.6666666666666667
    },
    "盘丝岭": {
        "start_point": [
            [
                122,
                95
            ],
            214.5,
            158.0
        ],
        "dx": 1.8518518518518519,
        "dy": -1.8518518518518519
    },
    "方寸山": {
        "start_point": [
            [
                117,
                105
            ],
            181.5,
            160.0
        ],
        "dx": 1.6129032258064515,
        "dy": -1.6129032258064515
    },
    "轮回司": {
        "dx": 25.0,
        "dy": -25.0
    },
    "建邺城": {
        "start_point": [
            [
                164,
                81
            ],
            305.5,
            177.0
        ],
        "dx": 1.9230769230769231,
        "dy": -1.9230769230769231
    },
    "傲来国": {
        "start_point": [
            [
                127,
                97
            ],
            222.5,
            156.0
        ],
        "dx": 1.8181818181818181,
        "dy": -1.8518518518518519,
        "flag": {
            "screen": [
                542,
                446
            ],
            "game": [
                129,
                41
            ]
        }
    },
    "江南野外": {
        "start_point": [
            [
                87,
                76
            ],
            189.5,
            156.0
        ],
        "dx": 2.3255813953488373,
        "dy": -2.272727272727273
    },
    "大唐境外": {
        "start_point": [
            [
                334,
                94
            ],
            293.5,
            81.0
        ],
        "dx": 0.9090909090909091,
        "dy": -0.9090909090909091
    },
    "魔王寨": {
        "start_point": [
            [
                69,
                56
            ],
            203.5,
            162.0
        ],
        "dx": 3.0303030303030303,
        "dy": -3.125
    },
    "长安城": {
        "start_point": [
            [
                264,
                144
            ],
            250.5,
            192.0
        ],
        "dx": 0.9900990099009901,
        "dy": -0.9900990099009901,
        "flag": {
            "screen": [
                436,
                353
            ],
            "game": [
                192,
                175
            ]
        }
    },
    "西梁女国": {
        "start_point": [
            [
                103,
                76
            ],
            223.5,
            166.0
        ],
        "dx": 2.272727272727273,
        "dy": -2.272727272727273
    },
    "海底迷宫一层": {
        "start_point": [
            [
                40,
                26
            ],
            219.5,
            179.0
        ],
        "dx": 5.555555555555555,
        "dy": -5.555555555555555
    },
    "女娲神迹": {
        "start_point": [
            [
                116,
                88
            ],
            216.5,
            167.0
        ],
        "dx": 1.9607843137254901,
        "dy": -1.9607843137254901
    },
    "麒麟山": {
        "start_point": [
            [
                116,
                90
            ],
            213.5,
            160.0
        ],
        "dx": 1.9607843137254901,
        "dy": -1.9230769230769231
    },
    "地狱迷宫一层": {
        "start_point": [
            [
                71,
                55
            ],
            208.5,
            163.0
        ],
        "dx": 3.0303030303030303,
        "dy": -3.0303030303030303
    },